RES1 , idRES1 , RES2 , idRES2 , dist(Angstrom)
ALA  , 3      , LEU  , 49     , 004.99
ALA  , 3      , LEU  , 51     , 004.92
ILE  , 5      , ILE  , 10     , 004.43
ILE  , 5      , LEU  , 16     , 004.51
ILE  , 5      , LEU  , 20     , 004.74
ILE  , 5      , LEU  , 51     , 004.53
ILE  , 5      , TRP  , 53     , 004.28
ILE  , 10     , LEU  , 16     , 004.84
ILE  , 10     , LEU  , 62     , 004.22
ILE  , 13     , LEU  , 16     , 004.83
ILE  , 13     , VAL  , 70     , 004.88
LEU  , 16     , LEU  , 20     , 004.64
LEU  , 16     , TRP  , 53     , 004.00
LEU  , 16     , ALA  , 67     , 004.83
LEU  , 16     , VAL  , 70     , 004.80
LEU  , 20     , LEU  , 24     , 004.62
LEU  , 20     , LEU  , 26     , 004.93
LEU  , 20     , TYR  , 30     , 004.59
LEU  , 20     , LEU  , 37     , 004.91
LEU  , 20     , LEU  , 51     , 003.89
LEU  , 20     , TRP  , 53     , 004.95
LEU  , 20     , VAL  , 70     , 004.24
LEU  , 20     , PHE  , 74     , 004.95
LEU  , 24     , LEU  , 26     , 004.90
LEU  , 24     , LEU  , 37     , 004.03
LEU  , 24     , LEU  , 41     , 004.82
LEU  , 24     , VAL  , 45     , 004.92
LEU  , 24     , LEU  , 49     , 004.94
LEU  , 24     , PHE  , 74     , 004.54
LEU  , 26     , PRO  , 27     , 004.61
LEU  , 26     , TYR  , 30     , 003.84
LEU  , 26     , LEU  , 37     , 004.71
LEU  , 26     , TRP  , 44     , 004.90
LEU  , 26     , VAL  , 45     , 004.07
PRO  , 27     , TYR  , 29     , 003.90
PRO  , 27     , TRP  , 44     , 004.87
TYR  , 30     , ALA  , 36     , 004.37
TYR  , 30     , LEU  , 37     , 003.88
LEU  , 34     , LEU  , 37     , 004.66
LEU  , 34     , VAL  , 70     , 004.68
LEU  , 34     , VAL  , 73     , 003.74
LEU  , 37     , LEU  , 41     , 004.48
LEU  , 37     , VAL  , 70     , 004.36
LEU  , 37     , VAL  , 73     , 004.51
LEU  , 37     , PHE  , 74     , 004.94
TRP  , 38     , LEU  , 41     , 004.78
TRP  , 38     , VAL  , 73     , 004.68
TRP  , 38     , ALA  , 77     , 004.71
LEU  , 41     , VAL  , 45     , 004.91
LEU  , 41     , TYR  , 47     , 004.45
LEU  , 41     , LEU  , 49     , 004.91
LEU  , 41     , VAL  , 73     , 004.43
LEU  , 41     , PHE  , 74     , 004.69
LEU  , 41     , ALA  , 77     , 003.71
LEU  , 41     , ILE  , 84     , 004.68
TRP  , 44     , VAL  , 45     , 004.67
VAL  , 45     , TYR  , 47     , 004.43
VAL  , 45     , LEU  , 49     , 004.40
TYR  , 47     , PRO  , 48     , 004.59
TYR  , 47     , LEU  , 49     , 004.63
TYR  , 47     , ILE  , 84     , 004.04
LEU  , 49     , VAL  , 50     , 004.92
LEU  , 49     , PHE  , 74     , 004.72
LEU  , 49     , ILE  , 84     , 004.52
VAL  , 50     , ILE  , 87     , 004.85
LEU  , 51     , TRP  , 53     , 004.46
LEU  , 51     , LEU  , 71     , 004.12
LEU  , 51     , PHE  , 74     , 004.98
LEU  , 51     , ILE  , 84     , 004.17
LEU  , 51     , ILE  , 86     , 004.19
TRP  , 53     , PHE  , 56     , 004.73
TRP  , 53     , ALA  , 67     , 004.95
TRP  , 53     , VAL  , 70     , 004.96
TRP  , 53     , LEU  , 71     , 004.17
TRP  , 53     , PHE  , 74     , 004.73
TRP  , 53     , LEU  , 88     , 004.71
PHE  , 56     , ALA  , 67     , 003.65
PHE  , 56     , LEU  , 71     , 004.21
PHE  , 56     , LEU  , 88     , 004.24
VAL  , 70     , PHE  , 74     , 004.75
LEU  , 71     , PHE  , 74     , 004.73
LEU  , 71     , ILE  , 86     , 004.78
LEU  , 71     , LEU  , 88     , 004.83
PHE  , 74     , ILE  , 84     , 004.37
PHE  , 74     , ILE  , 86     , 004.86
ALA  , 77     , ILE  , 84     , 003.69
ILE  , 84     , ILE  , 86     , 005.00
ILE  , 86     , LEU  , 88     , 004.64
